Domains,Emails
klaudija,info@klaudija.de
guenstigerkreditvergleich,tm@paxon.com
selbst-schuld,kontakt@selbst-schuld.com
malta-tours,info@malta-tours.de
finance-it-blog,400info@pass-consulting.com
finance-it-blog,Aschaffenburgmarketing@pass-consulting.com
niederrheinzeitung,redaktion@niederrheinzeitung.de
binoro,info@astuna.de
ladenbau,info@ladenbau.de
bierspot,torsten@bierspot.de
freizeitcafe,christiangeradigital@gmail.com
freizeitcafe,office@markusvalley.de
markusvalley,info@urlaub-in-thailand.com
markusvalley,info@passivergeldfluss.de
finanziell-umdenken,info@frag-den-heimwerker.com
frag-den-heimwerker,info@p2p-kredite.com
p2p-kredite,3@o-pr.de
matblog,finance@kurbsn.com
