User Name,Post
Sonia Pervaiz,"Hello Everyone, I am looking for a driver to drive car on careem/indrive. If you know anyone, feel free to share the contact details.ThanksRegards."
Shah Zeb,"I am looking for a "" ğƒğ«ğ¢ğ¯ğğ« "" ğğ¨ğ­ğ:  Should be a resident of twin cities. ** Preferably 45+ years of age. Family-oriented driver with good manners, behavior & etiquettes. ğ‹ğ¨ğœğšğ­ğ¢ğ¨ğ§:  Bahria Enclave, Islamabad> Free Lunch/Dinner> Free Accommodationğ’ğšğ¥ğšğ«ğ²:  25K (Negotiable). To be reviewed after 3 months.DM the contact details as it is urgently required."
Shahpara Rizvi,"I am looking for some motivational speaker to voluntarialy lecture support staff including peons, cleaners and drivers in an organization.Pls inbox for details.Update: Location is Karachi.I have received several messages and we have a good pool now will coordinate soon.Thank you all."
Unzila Saleem,"I am looking for a job fromLast 6months and its exhausting now. Companies take interviews which cost travel expense and they offer 20-35K on such good position, which inculde no travelling expense I mean what are we earning for? Like for van drivers? Because almost 15-17K van charge from north to clifton or shahrah e faisal.its so difficult to survive in pakistan already. Everything here is not effecting our mentalHealth ğŸ¤·ğŸ¼â€â™€ï¸"
Muhammad Ehsan Ullah,"Are you looking for IT Support/Helpdesk position?I am looking for some entry-level Helpdesk Technicians/Engineers for my client in Qatar. Candidate has to have at least 6 months to 1 year of experience in same.Arabic speakers are preferred.QID is required and a Driver's License is preferred.The salary will be 4,000 - 5,000 QAR per month.Sponsorship change is a must!Please get in touch with me or share your CV with me at hiring@iasmktg.com and hr.imsqa@gmail.com. Do not forget to mention the subject as position."
Omair Javaid,I am looking for software engineer (contractor) with proven windows device driver and win32 api experience. (6 months contract project based full time)
Huzaifa Sarwar,"ğŸŒŸ Open to Work ğŸŒŸSupply Chain Management Professional | Fleet and Logistics ExpertHello, LinkedIn community!I am actively seeking new opportunities in supply chain management, with a specialization in fleet and logistics. With a proven track record of success, I excel in SAP S4 HANA, operations, and customer management. I bring strong communication skills, efficient documentation and reporting abilities, and a knack for providing exceptional administrative support.Here are some highlights of my achievements:- Successfully managed fleet operations, optimizing the utilization of Tripping Trailers, Half Bodies, and Flat Bed trucks to ensure profitability.- Led offloading/loading operations, resolved issues promptly, and implemented effective vehicle maintenance practices.- Developed comprehensive daily activity reports, efficiently scheduled fleet vehicles and drivers, and maintained accurate records.- Established and maintained excellent customer relationships, achieving net revenue growth from key accounts.- Ensured 100% compliance with internal/external audits, HSE instructions/policies, and business ethics.If you are looking for a highly skilled supply chain professional with expertise in fleet and logistics management, I would be thrilled to discuss potential opportunities. Please feel free to reach out to me via email at Huzaifasarwar101@gmail.com or through LinkedIn messaging.Thank you for your time, and I look forward to connecting with you!#OpenToWork #SupplyChainManagement #FleetManagement #LogisticsExpert #SupplyChain #LogisticsManagement #OperationsManagement #FleetOperations #TransportationManagement #SAP #S4HANA #CustomerManagement #AdministrativeSupport #JobSeeker #Hiring #CareerOpportunities #ProfessionalNetwork #Networking #JobSearch #JobHunt #SupplyChainProfessional #LogisticsExpert #OpenForOpportunities #Resume #JobSeeking #NewJob #SupplyChainJobs #LogisticsCareers"
Fayyaz Ahmed,"I am looking for House Driver for day time 7 am to 4 pm in Township, Lahore. Honest and experienced contact me for details 0306-4094477"
Syed Muhammad Abdullah,"Dubai Hiring ALERT!!I am looking for an IT and Network Engineer for one of my clients in Dubai. The task is for Smart Hand Support. It's an hourly-based job.Company name: PERNOD RICARD HONG KONG LIMITEDREQUIREMENTS1.Â Â Engineer should be able to speak English and the local language.2.Â Â Engineer must carry an ID card and should be in formal attire while on site.3.Â The engineer should be a CCNP or equivalent4.Â Engineer should be aware of basic router configuration.5.Â Â Engineer should familiarize himself with the Method of Procedure (MOP) shipped along with the router package.6.Â Â Engineer must carry a Windows OS-installed laptop (No MacBook or Virtual Machine) having a serial interface, Internet dongle, console cable, straight cable, and cross cable along with CAT5 UTP cables.7.Â We need Team Viewer version 15 and IPERF installed in FEâ€™s laptop.8.Â FE Laptop OS should either be Windows 10 Professional or Enterprise version.9.Â Â Â Â Â Â Windows OS on the FE Laptop should have GigEthernet port and required hardware to support the tests.10.Â Â Laptop should support VLAN configuration and input VLAN values11.Â Engineer should have USB to Com port cable.12.Â Â All required software and drivers should be up-to-date in the laptop.13.Â The engineer must carry along a labeling machine.14.Â Microsoft Network Monitor & Realtek diagnostic utility should be installed in FEâ€™s laptop.15.Â Requirements for the post-installation photographs:- Carrierâ€™s device and its labeling.- Complete front view of the rack in which the NTTGN and carrier's devices have been installed.- Complete rear view of the rack in which the NTTGN and carrier's devices have been installed.- NTTGN Routerâ€™s labeling.- NTTGN Modemâ€™s labeling.- View of how the connections have been made between all the devices with clear markings in the photograph of how the connections/cables are laid.Address: IDC BROOKFIELD PLACE, Al Mustaqbal Street, Dubai International, Financial Centre,42nd floor, UAEKindly send your Resume to asmapervaiz17@gmail.com"
Saima Tahir,"Posting on behalf of Friend : I am looking to hire Business development Executive to actively seek out new business opportunities through Cold Calling.Requirements:Experience:  1 year  to 3 yearQualification: Graduate/A-LevelsMust be proficient in written and spoken English.Night ShiftSalary 40k-100k depending on experience ( uncapped Commission ) Hiring on urgent basisProven experience as a sales person for USA campaign, with a track record of meeting or exceeding sales targets.Excellent communication and interpersonal skills, with the ability to build strong relationships with clients and internal stakeholders.Strong negotiation and problem-solving skills.Ability to work independently and as part of a team, with a results-driven mindset.Bachelor's degree in business, marketing, or a related field is preferred.If you are a motivated and goal-oriented individual with a passion for sales and the trucking industry, we encourage you to apply for this exciting opportunity to drive revenue growth and make a real impact on our business.Interested one kindly send the CV at hr@greyhouse.club and don't forget to mention the Position in the Subject Line #hiringÂ #hiremeÂ #wearelookingÂ #wearehiringÂ #jobhuntÂ #jobalertÂ #recruiterÂ #jobfinderÂ #jobseekerÂ #dispatcherÂ #truckdriverÂ #dispatchersÂ #transportationÂ #driverÂ #truckingÂ #salesÂ #truckingindustryÂ #truckingÂ #trucksÂ #truckingjobsÂ #drivingÂ #lifeÂ #jobsavailableÂ #jobsearchÂ #lahorejobsÂ #humanresourceÂ #graphicdesignÂ #jobsÂ #socialmediaÂ #salesÂ #creativeÂ #seoÂ #businessdevelopmentÂ #datascientistÂ #financeÂ #wearehiringÂ #wearehiringnowÂ #jobsearchÂ #lookingforjobÂ #JoblyÂ #recruitmentagency #salescareers #staffingagenciesÂ #careeresÂ #quotesÂ #networkingÂ #debvelopersÂ #marketerÂ #webdesignerÂ #recruitingÂ #letsconnect #sale #saleexecutives #letsconnect"
Hamza Nasir ğŸš€,"Hi connections!I am looking for â€œPower BI Developers/Architectâ€ for our Lahore, Karachi, Islamabad, Multan and Faisalabad offices!Send your resume at: hamza.nassir@systemsltd.comJob Requirements:1. 4+ years of experience working in Data Visualization and Solutions.2. Expert in Power BI data analysis, data visualization, writing DAX, and building dashboards and reports.3. Expertise in designing and developing a semantic layer of BI Tools.4. Collect, refine, and prepare data for analytics and visualization. Manage and utilize the Power BI platform to extract meaningful insights from it.5. Prepare reports using various visualization and data modeling methods. Define new KPIs and consistently measure them in the datasets.6. Develop, manage and enhance data models across key metrics to provide best-in-class, transparent and accurate forecasting.7. Partner with the business leaders and end-user base exercising flexibility in a matrixed organization to identify emerging trends and implement meaningful drivers.8. Ability to process large amounts of data to identify key drivers and develop robust models for various types of analysis and communicate effectively to stakeholders.9. Ability to write SQL queries and stored procedures. Familiarity with various relational database platforms (SQL Server, Teradata, Oracle, Snowflake, Vertica, etc).10. Strong communication skills in English both orally and in writing.Please read the job description thoroughly.Send me your resume at: hamza.nassir@systemsltd.com#hiring #systemslimited #jobopportunity #powerbi"
Anuja Ganguly,"I am #hiring for Assistant Manager- Hub Operations. No. of positions: 3Location: Khidderpore (2), Kaikhali (1)Compensation: 25K to 30K NTHDesired Industries: Mobility/ E-commerce/ LogisticsImmediate joiners will be preferred| Looking for male candidates onlyInterested and eligible candidates, please send their resumes at careers@snapecabs.com mentioning the job title on the subject line.This role reports into the Hub Manager.Key Responsibilities:-Oversee daily hub operations and ensure compliance with safety, quality, and efficiency standards.-Work with the hub team to fulfill daily vehicle requirements.-Monitor and analyze trip data to identify trends and opportunities for growth.-Develop and maintain relationships with Drivers for smooth operation.-Ensure compliance with all relevant regulations and industry standards.-Manage a team of transport and security personnel, including drivers, security guards, and support staff.-Maintain accurate records of transport operations, including driver logs.-Lead or participate in cross-functional projects aimed at enhancing operational efficiency and customer satisfaction.-Stay updated with industry trends, technologies, and best practices related to hub management and incorporate them into operations.Â Qualifications:-Bachelor's degree in business administration, logistics, supply chain management, or a related field.-3 to 4+ years of proven managerial experience in operations management (experience in Mobility or Ecommerce highly preferred).-Strong team management skills.-Excellent interpersonal skills.-Knowledge of logistics, supply chain management, and transportation regulations.-Willing to work on rotational shifts, with alternate Sat/Sun off.#hiringalerts #ecommerce #startups #startupjobs #operations #jobalerts #kolkatahiring #newcareeropportunities #career #change #mobility #logisticsjobs #rapido #olaelectric #uber #indrive #flipkart #amazon #jiomart #blinkit #zomato #swiggy Rahul Shaw Vikash Pandey Ankur Ghosh Subha Bhattacharya Avishek Shaw"
Emelda Aopoi,"Good afternoon my connections/friends:I am looking out for a Operations Clerk for our Goroko branch.As usual if you are or know of anyone that fits the requirements below then please do kindly email me your necessary credentials Position: Operations ClerkResposibilities: Scheduling truck runs, reporting, direct customer contacts such as Puma etc, coordinating drivers with daily tasking - to name a few.Requirements: Over 3yrs experience with fleet and logistics, committed and punctual, sober habits, willing to relocate to Gka at his/her own accord if considered, can handle pressure, and and with a go-getter attitude. Location: Goroka branchEmail: HROfficer-Operations@ipigroup.com.pg Please note that this is strictly for Goroka base residents only. Those applying from other centres relocation/accommodation will be at your own expense.Thank you"
Dan Dalton,I AM HIRING! We are looking for an incredibly talented Product Designer to join our team at Flock! Flock is on a mission to make the world quantifiably safer by providing commercial fleets with meaningful insights into driver behaviour. If you are a Product Designer up to the challenge of creating seamless experiences that translate HUNDREDS OF MILLIONS of miles of trip data into actionable and easy-to-digest insights... I got you! I love my recruitment and agency partners but at this time we are only taking direct applications.
"Merissa Campbell, CPHR","Monday Update....Looking for Junior to Intermediate Control Systems Engineers/Technologists & a Senior Field Service Technician!Control Systems Engineer/ Technologistâ€¢ Junior- Intermediate, willing to trainâ€¢  7 days on 7 days off, 12+ hour shiftsâ€¢  Must have at least 1+ years of strong PLC Programming experienceâ€¢  PR/ Citizenship requiredâ€¢  Valid drivers license and reliable vehicleÂ â€¢  Safety Sensitive role: security & drug & alcohol clearance requiredâ€¢  Compensation: base pay starting 124K+ â€¢  Location: Kamloops (or nearby, travel to site is required, work is at a mine up north)Senior Field Service Technicianâ€¢  Industry: Sawmill & Wood Processing (must have industry experience)â€¢  Valid drivers license requiredâ€¢  Travel throughout US & Canada (40%)â€¢  Interact with customers and provide technical supportâ€¢ Work along side the engineers and development team to test and configure custom systemsâ€¢  Knowledge of lumber grading rules and the grading processâ€¢  Knowledge configuring computer HW & SWâ€¢  Troubleshooting Skills (network, computer, & electrical systems, including wiring.â€¢  Mechanical Aptitudeâ€¢  Compensation: Base pay: 80-100K+, additional travel incentivesâ€¢  Location: Central Interior, BC (reach out for more information regarding location and company).Reach out for more information, I am happy to share more info to see if there is a fit ğŸ˜€Please send a private LinkedIn message or email me at merissa@definehr.caAlso thank you to those who reached out for an update on my husbands surgery, he is on the mend ğŸ˜ƒ ğŸ¤Please like, share, comment. Especially if you enjoy video content ğŸ˜‰#definehr #hiring"
Lucy O'Rourke ğŸš€,Hello LinkedIn! I need your help I am looking for a Trainee Team Manager to join our London Region! Please like and share across your network!!!! âœ¨âœ¨If you have experience in management in any industry we want to hear from you ğŸ™‹ğŸ¼â€â™€ï¸ You will need to be a natural problem solver with the ability to multitask! This role can be high pressured at times but rewards you with fantastic learning opportunities and earning potential! If you are looking for your next challenging role please reach out to me on here for details! Please note - you will need to be car driver for this role#hiringnow #londonjobs #jobsinenergy
Jessica Orzel,"Having formerly worked with #Yellow, my heart is heavy for all my friends and former work family members to see Yellow is shutting their doors. I am currently with Republic Services, and we do have positions open in the Midwest for drivers, so please, if you are a driver looking for work: send me a message here and I can send an application link to you and start that recruiting process. For my corporate friends at Yellow, I am so sorry to see this hit to your livelihood as I personally know you have spent literal blood, sweat, and tears to do your absolute best possible by your company and co workers. Hereâ€™s a couple throw back photos from my time spent training at our KC academy and a couple of the wonderful humans I was blessed enough to work alongside."
David Kelly,"I am shockingly, comically bad at golf.Â However, that doesnâ€™t stop me from occasionally watching more gifted souls play the game. One of their techniques is to examine a putt from multiple perspectives.Â They take a careful look at the green as they come up to mark their ball, look at the putt from the side, squat down to consider it from the opposite direction, and generally scout out the lay of the land from all angles.Â For myself, since Iâ€™m generally wielding the putter playing my seventh or eighth, I donâ€™t further test the patience of my companions with such preparations.Â However, I will admit that, for the average golfer, looking at a putt from multiple angles yields useful information.A similar rationale can be applied to monetary policy decisions.Â Changes in monetary policy are among the most important drivers of stock and bond returns.Â Consequently, one of the questions we are asked most frequently is where will the federal funds rate be at the end of the year?Read the full article for my latest insights. #markets #economy #investing"
Dave McGlynn,"JOB VACANCYMy retail client is looking for a HRBP business partner,Based at the regional office in WoodmeadCANDIDATE I am looking for an innovative,passionate and trustworthy individual who is able to challenge,motivate and develop self and stakeholders in order to attract, retain, and inspire team members POSITION DETAILS HRBP service to 30 stores across multiple bannersEnd to end generalist support with specific focus on recruitment,CCMA representation Collaborate with Area Operations Leaders, Store Leaders and teams to execute holistic HR solutions KEY REQUIREMENTS Minimum 4 years Human Resources experience (Retail experience advantageous)Matric with a relevant tertiary qualifications in Human Resource Management/Industrial PsychologyValid drivers license with own carMicrosoft Office proficiencyCV's to dave@talentmatchconsulting.co.za Closing date 31 July 2023"
Riah Tobby,"#Letsshare#LetsgetjobGood day,I'm a 25 years old Male looking for a full-time job ,I have experience in diesel mechanic(Heavy Duty)I have a driver licence Code C1.Am ready to start anytime soon please contact me at 0816290106/0812075757"
Joel Marsh,"Hello LinkedIn friends - As you saw, I recently joined the California Department of Motor Vehicles and so of course - I am spreading the word on the current positions available. We are looking for forward thinking folks to challenge the way things have always been with how they COULD be. (And yes- many of the positions offer teleworking)Point your browser to https://lnkd.in/gbk8q7Jm or please do me a favor and share it out to your network if you know someone who wants to hop on board the innovation train that's only gaining speed. Check out the recent interview with our Chief Digital Transformation Officer - Ajay Gupta -Thank you in advance!"
Keith Tan,I am looking for a driver. Contact me if you are interested.Iâ€™m #hiring. Know anyone who might be interested?
Jim Stout,"Hello LinkedIn, I am looking for a Selling branch manager for Greeneville, TN and Knoxville, Tn. Essential Functions:â€¢ Be the primary driver of sales, operations, and profit for your branch.â€¢ Ensure the branch has a strong recruiting team and winning sales efforts.â€¢ Manage the recruiting, hiring, training, developing, and coaching of internal team members to ensure successfuloperations practices.â€¢ Responsible for the individual development of each team member.â€¢ Ensure recruiting and service operations meet 100% on-time order fulfillment.â€¢ Hold branch team and On-Sites accountable for meeting or exceeding performance expectations by clearly communicatingwhat is expected, empowering them with the necessary tools, training, resources, delivering positive and constructivefeedback in the moment, and providing corrective action as needed.â€¢ Direct activities related to improving results and achieving growth goals.â€¢ Ensure your branch complies with company policies and applicable government regulations.â€¢ Maintain regular and balanced time with clients, branch team members, and on-sites.Requirements:â€¢ Management, supervisory, or team-lead experience preferred.â€¢ Ability to work cross-functionally to proactively communicate and to resolve issues with the highest sense of urgency.â€¢ Excellent computer skills including proficiency in Microsoft Office suite.â€¢ Strong verbal and written communication skills.â€¢ A valid driverâ€™s license is required for this role to travel between branch and prospect/client locations"
Simon Brown,"Some roles and organisations claim to have a clear purpose, some claim to be purpose driven, many unfortunately don't deliver against those bold claims.I promise, should you speak to me about the new partnership I am excited to be working on for Digital Gurus, you will realise that the goals, ambitions, and drivers of the organisation I am working with, define purpose driven.I am looking to speak with Senior E-Commerce Managers, who want to lead the digital, user and conversion journey for one of the largest brands on the planet.ğŸ’¹ This role will see your interventions and ideas implemented to drive the global growth ambitions of this organisations.â“You will have a challenger mindset, but will also be able to harness the power of a proven team of digitally minded individuals.ğŸ’»You will have autonomy and ownership to drive the changes needed across design, content, and the user experience across the site.In return I have a fantastic package, and the opportunity to join a global business, with a great personality and feel to it. The opportunity to join a once in a life-time mission, and have fun along the way.Check out the link to the advert in the comments below, or drop me an e-mail on simon.brown@digitalgurus.co.ukI am blessed to have an amazing network across the E-Commerce space, this role will be popular, so don't delay in reaching out."
Rob Mullins,I am looking for a driver to join our experienced and growing team!
Shanice Cooper,"*NEW OPPORTUNITY*I am seeking a SENIOR CARE ASSISTANT, located in a beautiful Care Home in Colchester Essex. This is a Full Time - Permanent position, with an hourly rate starting from - Â£12.55PH. MUST :Hold an NVQ3Full UK Drivers License with your own vehicle. (due to location). This is a great opportunity If you have a passion for Care, and looking to  progress in your career. Please send me a copy of your CV to shanice@antonyjames.co.uk"
Luke Owens,"In January 2024 I will be leaving my role as an Infantry Soldier within the British Army. Since leaving my role as Assistant Manager at PureGym Swindon, I joined the British Army as an Infantry soldier. This has enabled me to develop discipline, self motivation, self management and time keeping to the highest of levels. Within my role I have deployed around the globe and deployed on an Operational Tour in Mali, Africa. During this tour my role was of the Lead Call Sign driver, in this I had to navigate the harsh desert and find routes viable for our Battlegroup before I would then lead my Platoons worth of vehicles into the villages to conduct reconnaissance missions of ISGS & the humanitarian situation on the ground for the UN, both at night and day. I am now looking for work - on site or remote that would be suitable for ex military, from January 2024. If any of my connections have anything in mind, please shoot me a message or comment on this post."
Olivia Leal-Walker,"It is no surprise that Sustainability Manager comes in at number 9 on this list. Organisations are increasingly identifying the need to prioritise sustainability and ESG, and the amount of work that is required to action the commitments that they make. I am so fortunate to spend my days at SunRice Group improving the lives of others, spending every day living by my values.Sustainability Managers are responsible for shifting the attitudes and actions of an organisation so that it can create focused, meaningful societal benefit while providing value for customers and shareholders. In its most basic form, it is about doing less bad and more good.Â Â By working in-house, it enables the space to build genuine relationships with the people within an organisation, to understand their drivers and those of the business, and to design and implement programs that solve for those needs. Creating a cultural shift over time that genuinely embeds sustainability into all decision-making is the end goal. You can bring value to this role regardless of your passion, your strengths and your style. There are Sustainability Manager positions suitable for those who are analytical, like change management, enjoy report writing, have a vision they want to deliver, and especially for those who just like to get on with the job.You can specialise in any field across the environment, social or governance spheres, or you can be a generalist. There are roles in corporate, government and not-for-profits. If you are looking to move into a Sustainability Manager position, I advise that you look to grow your skills by volunteering in your local community (a university qualification is also generally required). Regardless, this role universally requires adaptability and grit. Finally, you do not need to be a Sustainability Manager to create change in your organisation. Find something that you can do in your role today to improve lives, protect the environment and improve the customer experience today.__I am delighted to have been asked to share my perspective on being a Sustainability Manager by Cathy Anderson. If you are interested in this career and would like to know more about how you can bring your individual strengths and passions, please do reach out."
Lorenzo Simonelli,"Three months ago, Baker Hughes convened 1,600+ customers and partners at our Annual Meeting in Italy to discuss the balance of the energy trilemma and the momentum needed to advance towards a net-zero emissions future. In my keynote, I shared the results from our Energy Transition Pulse report, conducted in partnership with FT Longitude, which revealed the #1 most important activity to drive sustainable and affordable energy will be to continue investments in lower carbon energy sources: https://lnkd.in/g_m28VudÂ These lower carbon energy sources include hydrogen - an addressable market as much as $30 billion by 2030 for Baker Hughes. I am encouraged to see other leaders support the hydrogen economy, too, since it takes all of us to address climate change.Â Leaders like my friend Arnaud Pieton of Technip Energies are carrying the hydrogen economy forward. I encourage my network to read his note below on hydrogenâ€™s necessity for investment in Europe, to balance wind and sun while also maintaining affordable energy. It is a great reminder that the energy industry continues to be the driver of emissions reduction if we align together, share a singular vision for the future, and take action every day.Â As Arnaud says, â€œWe know what this new world looks like. We now need to invent, scale up and deploy its solutions.â€Â For my network, how else can we deploy hydrogen technologies faster?#hydrogen #EnergyTechnology #Netzero2050 #BHAM23"
Nuri S.,"Good Morning Good PeopleI am looking for a Driver, if you are interested. Please comment or contact me by DM."
Mohamed Ali Jinnah,"Assalamu alaikkum sirI am looking for Driver Job, but I am currently in india. If you give me a chance I will come to dubai in one week.I have driving experience in 12 years from al tayer Motors.My WhatsApp no: +971559869401Mobile no: +918903283488mail id: mmajpb@gmail.com Thanks."
Usman Basharat,"Hello everyone Anyone looking for light duty driver job!Should be in UAE, preference will be given to immediate joinerShould have basic English communication skills.If interested just DM, Thanks"
Osman Gony,"I am looking for a Driver, ready to join.Local hiring only in Riyadh, with good salary package.Those who are #driver #hiring #driverjobs #Riyadh #cv #Saudiarabia  interested can Dm Your CV onâ€¦ğŸ‘‡og@rewindsa.com"
Jayraj Ingle,Hello LinkedIn friendsI am looking for someone to hire for a principal engineer / program lead role in the area of AMD Server post silicon validation. The location is Austin Texas. If you have tech leadership experience or strong tech PM experience in post silicon validation (X86 or ARM) and are looking for new opportunities please reach out to me or Laura Marin. Come join us at AMD to driver the next generation innovation. Following is a link to the job req:https://lnkd.in/gh35izCB
Syed Dipa - HR Generalist,"Dear All,I am looking for a driver based in Dubai.Should be having valid UAE driving license and be able to control a 3 ton Vehicle!Please send your resume to recruitment@saddledubai.com.Subject: Application for Driver"
Mansoor Attar,"Hi,I am looking for a band 5 Community Nurse to work in our Aylesbury ACHT.Please send CV and when they can start. Band 5Full time Mon-Fri 08.00-16.00 (minimum we can accept is 4 days)Aylesbury and surrounding areas. Base is at Stoke Mandeville HospitalDriver and access to a car. Must be competent in â€“ Dressings / Wound managementPressure ulcer careCatheter (male and female)Venepuncture"
Dany Theofilidis,"I am looking for a driver in Riyadh to enter into an agreement for a monthly fee to drive me to and from work, 5 times per week and occasionally my wife for shopping and any other social obligations; must be an English speaker and early riser since I start work at 0700 am.  Contact me at danytheofilidis@gmail.com if interested"
Apoorva Kumar,I am looking for a Driver app plugin --> which we can plug to our delivery app. This plugin would take inputs on Payment variables for the riders -> Calculate and show /send Payout information to the rider on the rider UXif you know/ have such a tool - Ping me
Rob Caleca,I am looking for a Delivery DriverDriving 26ft Box truck My warehouse is in Livonia Tuesday -Friday schedule Pay varies on type of license you have (Chauffeurâ€™s License at a minimum)Let me know if you or anyone you know might be interested
Niksha Wadhwa,"Happy Tuesday!! I hope you all are having a Great week!I am looking for a Driver Development Engineer, to work with a Fortune500 company. This is 100 % Remote and 12 months Contract Opportunity. Let me know if this is something that interests you!#opportunity #USA #W2 #development #job #hiring #USAJobs"
Prudence Ramotso,"Job opportunity, I am looking for a driver with PDP . Please inbox me for further details."
Karena S.,"The time has come to expand my team in London ğŸ˜I am currently recruiting for an account manager to join my fabulous colleagues and I in continuing to nurture and develop our customer relationships across the capital. I have 2 positions, 1 in South London and one in North London. If you have experience in building customer relationships, evidence of generating sales among client accounts, able to develop and maintain long relationships, possess strong communication skills and have knowledge of the motor trade ( ideal but not necessary) full drivers licence, then this might be the opportunity you are looking for. If you or anyone you know maybe interested please contact me directly or apply by clicking the link below."
"Sara Taha. ACIPD, MBA, HRM, BA","Hello Everyone,I am looking for a lady driver to work for a VIP family in Dubai.should have minimum 3 years experience of driving in Dubai. additionally, i am looking for Horse Trainer (live-in job) in Dubai.A detailed JD will be shared with selected candidates only.Please send the related resume/s with your salary expectation to: careers@tamimiinvestments.comThanks,Sara."
Vladimir Kiselev,"I am pleased to announce that I am looking for a Regional Driver Operations Team Leader (SEA).This is a very interesting and important role that is also a great challenge of managerial, business development, project management skills and requires an ability to see the big picture. #hiring #recruitment #job #seajob"
Alex Smith,Two weeks into my journey at Marconi Associates speaking to engineering teams and leaders and I am coming across similar challenges across the industry:- Lack of PM and engineering on-boarding is a key driver in burnout and high turnover in the industry- this could be reduced by a standardised on-boarding process to help new starters in their first month- Over hiring in 2022 has led to a lot of turnover in the industry and an abundance of talented people actively looking for opportunities- Companies executing small to mid size projects ($20M or less) continue to thrive and are actively hiring across a broad range of disciplinesAppreciated everyoneâ€™s time so far and my inbox and phone is always open if you want to connect to discuss how we can help you in the market!#execution #supplychaintechnology #hiring
Charlotte Battersby,"ğŸ’¥ BRAND NEW - PAID SOCIAL MANAGER - UP TO Â£50K PLUS BONUS ğŸ’¥This is one of these roles, where I can hand on heart throw the words CAREER CHANGING out to my wonderful Paid Social network - this brand are one of the most formidable Brands in not only the country, but across the entire world and I can bet my bottom dollar you will have been a customer of them yourself at some stage of your life! ğŸŒOff-boarding the accounts from agency and bringing in-house, you will be rolling up your sleeves and ripping up the rule book - completely setting up, strategizing and activating the Paid Social accounts in whichever way you see fit! These accounts are in need of an out-and-out Paid Social-obsessed hands on superstar to completely OWN the day to day strategy and activations across Meta, Snapchat and TikTok, which are currently ticking over an annual spend of Â£1million. This figure needs to BLOW UP, paid social has so much potential to be a huge revenue driver for the organisation, we just need the right person to steer them to where they need to be ğŸš€I've placed the Senior Performance Manager who this reports into who is absolutely fantastic. Such a warm, people-focussed Manager who holds personal development of their team very close to their heart, they really would be a fantastic Manager to have - the PPC Manager, Affiliate Manager & Display Manager who I placed earlier on in the year who report into them absolutely agree â¤ï¸Based in Salford Quays 1 day a week with a once a month requirement to travel down to the Southern office, there's a super benefits package on offer inclusive on bonus and competitive holiday allowance ğŸ’°I am now looking to speak to HANDS ON, Snr Execs or Paid Social Managers with vast ECOMMERCE experience - this is a must ğŸ›ï¸My inbox is open... drop me a message for more information and be quick - this one won't be around for very long ğŸ’¨#paidsocial #ecommercejobs #manchesterjobs"
Andrei Forte,I am looking for a Personal Driver to the CEO:Any Nationality but must be good in communicating in EnglishMust have a valid drivers licenseÂ At least 2 years driving in DubaiAvailable Immediately or at least 1 week noticeNeeds to live near/around -the employerBenefits:-Monthly Salary-Housing (near employerâ€™s house)--Insurance-Annual Ticketsend me your CV hello@boopin.com#dubaijobseekers #driverjobs #dubaidriver #hiringimmediately
Brendan O'Donnell,"I am excited to share anÂ #opportunityÂ to join the Tech/Telco team atÂ Spotify.I am looking for a revenue growth driver skilled in using insights, measurement, and teamwork to develop and execute cross-functional strategies and partnerships.Tech/Telco industry knowledge and experience preferred. Please repost and send referrals my way."
Chinara Mikailzadeh,"Dear all,I am urgently looking for a driver with 5-7 years of experience and fluent ofÂ #russian. The salary is 800-1000 AZN.Please share with me your resume toÂ ch.mikayilzade@globetrans.azÂ mail address as soon as possible."
Juda Seboko,"Hi everyone, I am currently looking for a code14 driver learnership or a job where I would be trained to drive a code EC truck.I have a code EC drivers licence with PDP and 3 years experience as a courier driver. All I need is to be given a chance  to gain truck driving experience so that I could be the best truck driver.Unitrans Africa DSV - Global Transport and Logistics Cargo Carriers Pty Ltd BF Petroleum Group Coca-Cola Beverages Africa The South African Breweries Digistics (Pty) Ltd KargoOneLogix Group Value Logistics Imperial +27681901897judaseboko@gmail.com"
Paige Stanley,I am currently looking to add to my team! Seeking a settlements supervisor to assist with driver pay and all items around ensuing accuracy. We are in a system called TMW. Experience with the system would be great but is not required. Please reach out with any interest! Settlements Supervisor
Holli-May Willock,"Assistance Needed if you can ğŸ˜ƒ I am looking for owner drivers for a LWB Vehicle in the following areas :6 x  drivers in Stockbridge6 x  drivers in Exeter6 x  drivers in Rochester6 x  drivers in Thetford45 drops per day. Day work within the area.Ongoing work available.More details when I am in contact with yourselves.Drop me a line - holli@pro1logistics.co.ukThank you, have a lovely day!#lwb #ownerdriver #haulage #work"
Paul Rolfe,"I am looking for owner drivers for a daily line haul.Loading everyday in Waterloo, Belgium for Delivery to Coventry. UKFerry crossing is on our account. paul@wallertransport.co.uk"
Trust Rudumbu,"Dear Hiring Manager, Ref: Application for Truck Driver position. I'm writing to you today to apply for the position of Truck Driver currently available at your company. As a dedicated and hardworking individual with many years of driving experience, I am thrilled at the opportunity to become an integral part of the supply chain for this company, please accept this letter as an expression of my interest in the truck driver position , l am a highly motivated and progress-focused driver with a long standing background in this industry ,with a track records of intiative and dependability. l have devised strategic initiatives which l believe will prove valuable to the company.Through out the course of my career, l have perfected my work skills and experience ability. I am a capable and consistant problema-solver skilled at prioritizing and managing projects with proficiency.as a dedicated and hardworking individual with many years of driving experience , l am interested to become an integral part of the supply chain to this company.l would greatly appreciate the opportunity to be part of company, please take a moment to review my attached resume and credentials.please respond to email: trustrudumbu1977@gmail.comThank you for your consideration Sincerely, Trust Rudumbu"
Creselda Ntsokgolo,Urgent Hire!!I am urgently looking for a forklift Driver to commence on the 08th of May 2023.Requirements2-3 years exp as a forklift driver- non negotiableValid forklift license.Excellent eye-hand coordination.Proficiency in operating technical machinery.Good physical condition.Attention to details.Interested? Please send your CV to hr@starhubenergy.co.zaLocation: Johannesburg#Forklift Driver#urgenthiring
Fatmah SHRC,"I am looking for a heavy transport driver in the Kingdom of Saudi Arabia. If you are interested, please contact me via e-mailHR.DCCF99@gmail.com"
Laiba Shabbir,"As I'm a technical content writer I have written number of blogs about solutions and issues of system.There was a hard disk not found error on my laptop and I rushed to the shop and asked a shopkeeper to fix it. I told him hard disk is kinda mismanaged. He looked towards my face and suspected me as a stupid girl. First he touched my laptop with dirty hands( he was doing some painting work).Then he said leave it here and come back at night to have it back.He wasn't just playing with my emotions but driving me crazy doing tantrums. Secondly he made a statement this laptop doesn't have a  hard drive, how are you so sure if it's the issue.At the very moment I decided to fix my laptop myself. I asked I do not have screw driver would you please give it to me. I will fix it myself. He replied ohh! how can you do it. Are you sure you can do it. (He gave me screw driver)I fixed my laptop in front of him. And showed him how things work out.Laiba RockedTechnician ShockedI realized everybody should have proper information about fixing these little things otherwise people can misguide you and you can be in great loss. P.S : In this picture I am working over screws xD. # #work #people #contentwriter #blogs #painting #technical"
Yolanda Vermeulen,Pilot Job - contract workI am looking Dornier 228 drivers for a contract in Tanzania. Itâ€™s quite urgent as they will need to dispatch at the end of next week. Captain and F/O 5 on 5 off. Please contact Tony directlyÂ 0828862172
Lynn Ambrose Kallides,"I am looking for a highly motivated and experienced Senior Sales Executive to join an innovative educational technology company in Dublin. ğŸ–¥You will be selling a cutting-edge online learning platform that revolutionizes the way students engage with educational content. ğŸ‘©â€ğŸ«You'll get:ğŸ’»  Hybrid working  ğŸ’¸   A great basic (with uncapped commission) ğŸš— Company car If English is your first language, you have previous experience with dynamic start-ups or the Irish education system and a full clean Driver's License then I'd love to chat to you.Click on the link for more details: #salescareers #seniorsalesexecutive #careers #jobfairy"
Sekoaleng Davies Sekoaleng,"Hi everyone I am a qualified Diesel Mechanic with a section 26D and with drivers license Code 10, I  am looking for a job as a Diesel Mechanic /Earthmoving equipment mechanic or field service mechanic my number is 0792922842 and email address:davies.ssd@gmail.com Barloworld EquipmentVolvo GroupScania GroupKomatsu MiningAnglo AmericanGlencoreNortham PlatinumGHH Mining Machines"
Nathan Wolf,I am looking for a fulltime Delivery Driver/ Warehouse Associate in the Cincinnati/NKY area. Starting pay is $20/hr. Reach out to me directly if you are interested!
"Muhammad Hamza Ihtisham, MS., MIEEE","***** Call for Respondents *****Survey Link: https://lnkd.in/dhx9G5aPDear Community Members,Your kind and insightful exposure are required to complete the following questionnaire on Implementing Innovation Management in Pakistani Manufacturing Industries.Survey Link: https://lnkd.in/dhx9G5aPThe objective of this survey is to evaluate the effectiveness and the drivers of Innovation in Pakistani organizations.It's a really interesting survey, and it will take only 5 - 7 Mins to complete.There is a contributor incentive at the end of the survey.I am looking forward to your support.Regards,Muhammad Hamza IhtishamResearcher Industrial Engineering ManagementUniversity of the Punjab.#innovation #management #manufacturing #industrialengineering"
Zulfiqar Ali,"â€Ø´Ø¨Ù ØºÙ… Ú©ÛŒ Ø³Ø­Ø± Ù†ÛÛŒÚº ÛÙˆØªÛŒ  ğŸ–¤ I wish..I could see you one more time....One year ago today 31 March 2022 is shab-e-hijr as my son Mehroz was killed by hit and ran away driver. ÛØ§Ø¦Û’ ÙˆÛ Ø´Ø§Ù… Ø¬Ùˆ ÛØ± Ø´Ø§Ù… Ú†Ù„ÛŒ Ø¢ØªÛŒ ÛÛ’.Ù…Ø±Û’ ØµØ­Ù† Ø¯Ù„ Ù…ÛŒÚº Ù…Ù‚ÛŒÙ… ÛÛ’ ÙˆÛÛŒ Ø§ÛŒÚ© Ù„Ù…Ø­Û Ø¹Ø°Ø§Ø¨ Ú©Ø§.  the day I can never forget , he left home for university by saying good bye to his mother, when I was in office.I was busy in routine work when I received a call from unknown number after confirmation that I am father of Mehroz he told me that Mehroz had accident and he is in PIM hospital. I reached in Emergency Department within 15 minutes, the time I faced hell heat when Nurse told me ""we received him dead "" Ø­Ø³Ø±ØªÛŒÚº Ø®Ø§Ú© ÛÙˆØ¦ÛŒÚºØŒ Ù…Ù¹ Ú¯Ø¦Û’ Ø§Ø±Ù…Ø§Úº Ø³Ø§Ø±Û’...Ø¯ÛŒÚ©Ú¾ØªÛ’ Ø±Û Ú¯Ø¦Û’ ÛÙ… ØŒ ÛØ§ØªÚ¾ Ø³Û’ Ø¬Ø§Ù†Ø§ Ø¯Ù„ Ú©Ø§.Mehroz was on the stretcher His eyes was open and looking me and saying good bye Abu..No.. Never ..you are with me ever all time...you are my soul ..in my heart..  My mind still talks you..my heart feels you..I know you are in peace..your each every moments passed with me is unforgettable .ÙˆÙ‚Øª Ù†Û’ Ø®ØªÙ… Ú©Ø±Ø¯ÛŒØ¦Û’ Ø³Ø§Ø±Û’ ÙˆØ³ÛŒÙ„Û’ Ø´ÙˆÙ‚ Ú©Û’Ø¯Ù„ ØªÚ¾Ø§ØŒ Ø§ÙÙ„Ù¹ Ù¾Ù„Ù¹ Ú¯ÛŒØ§Û” Ø¢Ù†Ú©Ú¾ ØªÚ¾ÛŒØŒ Ø¨ÙØ¬Ú¾ Ø¨ÙØ¬Ú¾Ø§ Ú¯Ø¦ÛŒAll time I see and feel him in my hug, on my shoulder, in my bed, in my arms, on the stretcher, in the cuffin.Its worst feeling like a hell to see your young son buried, the pain of losing child is unimaginable, Even today itâ€™s difficult to me to accept that he is gone .ÙˆÛ Ø¢Ø¦Û’ Ø§ÙˆØ± Ú¯Ø¦Û’ Ø¨Ú¾ÛŒ ØŒ Ù†Ø¸Ø± Ù…ÛŒÚº Ø§Ø¨ ØªÚ© Ø³Ù…Ø§ Ø±ÛÛ’ ÛÛŒÚºÛ”ÛŒÛ Ú†Ù„ Ø±ÛÛ’ ÛÛŒÚºØŒ ÙˆÛ Ù¾Ú¾Ø± Ø±ÛÛ’ ÛÛŒÚºØŒ ÛŒÛ Ø¢ Ø±ÛÛ’ ÛÛŒÚºØŒ ÙˆÛ Ø¬Ø§ Ø±ÛÛ’ ÛÛŒÚº Please do recite Fateha for him and pray for me and my family to bear this un- recoverable loss.Ù…Ù¹Ø§ Ø³Ú©Û’ Ú¯ÛŒ Ø§ÙØ³Û’ ØŒ Ú¯Ø±Ø¯Ù Ù…Ø§Û Ùˆ Ø³Ø§Ù„ Ú©ÛØ§Úº Ú©Ú¾Ù†Ú†ÛŒ Ú¾ÙÙˆØ¦ÛŒ Ú¾Û’ ØŒ Ø¬Ùˆ ØªØµÙˆÛŒØ± ÛŒØ§Ø± Ø¢Ù†Ú©Ú¾ÙˆÚº Ù…ÛŒÚº.(â€Ø¬Ùˆ Ø§Ù„Ù„Û Ú©ÛŒ Ø±Ø¶Ø§)"
Rodwell Moyo,"Hie Everyone , I am currently looking for a job as a truck driver,  I have a code 14 drivers license with PDP  , I have 5 years experience in driving cross boader and localCoca-Cola Beverages Africa Unitrans Africa Transnet Freight Rail DSV - Global Transport and Logistics Legend Cargo Logistics 4PL Group (Pty) Ltd Load Master Logistics APL Logistics Digistics (Pty) Ltd Inductoserve Holdings Value Logistics Cargo Carriers Pty Ltd Imperial Truck Drivers Canada  #logistics #transport #job  #freight #experience"
Ray Haigh,I am looking for a spider crane driver ASAP in chiswick West London.
Steven Mooney,I am looking for the following drivers for a yard in Wallsend :-â€¢ Tractor driverâ€¢ Terburg shunter driverâ€¢ FRANA driverâ€¢ 8TE FLT driverthese positions are to start ASAP and it is long term work.Â£16 ph basic Â£17.60 ph OT Weekdays Â£24 ph OT Weekends (no accommodation money is available so ideal for locals)If you are interested in any of these roles please send your CV and Certs to steven.mooney@5erecruitment.comor call 07496 478019
Kanwal Ghulam Nabi,My Name is Sekoaleng Davies Sekoaleng I have N2&N3 in diesel Trade Theory and I am also a qualified Diesel Mechanic section 26D with drivers license Code 10. I am looking for a job of Diesel Mechanic or Assistant Diesel Mechanic I am willing to relocateMy contact informationCell no :0792922842 My Email address :davies.ssd@gmail.com Scania South Africa Barloworld EquipmentSandvik Liebherr Mining Komatsu GHH Mining Machines Royal Bafokeng Platinum Ltd Bell Equipment South Africa Glencore Northam Platinum Unitrans
Anthony Webb BSc (Hons),"Your Driver Arrived âœŒğŸ»Its been more than a month with inDrive  now so thought to share it with you all ğŸ¤—When obviously its trending with Saba Qamarâ€™s Taxi Vibe in Tu Urh Ja Be Fikar, Though ğŸ‘ğŸ¼As a child, I was always driven by the idea that hard work in any form is something to be respected. Today, I'm proud to be a driver ğŸ˜ . I am proud to show that with perseverance, anyone can achieve their goals, regardless of gender or societal norms. I look forward to serving the people of Karachi and making a positive impact in my community. Remember In Prayers ğŸ¤²ğŸ» #GenderEquality #HardWorkConquersAll #IndriverPakistan #TuUrhJaBefikar #FemaleDriversPakistan"
Roger Derham,"**Task opportunity: Seeking support driver for summer season.**Good day all, I am preliminarily looking for a driver join our team for the summer season.The position will join a well established risk management team and will predominately be based in the Mediterranean region supporting a yacht.Roles and responsibilities will include positioning of vehicles around Europe, car preparation, ferrying staff/assets on a time sensitive basis and doing airport runs for extended family members and guests.This position would suit 25-40 year old males due to sleeping arrangements. Experience in driving vehicles to a high standard is a must however extensive on the job training for luxury vehicles will be given. Prior experience in the ambulance service, military, police or security industry is a bonus however weight will be given to attitude, personality and skill set.Top personal presentation and communication skills are a must and language skills and local knowledge of Euro ops are a bonus. Clean DBS, Driving license and passport essential.Full life support given with food and accommodation provided either at our base in Spain or on the road in hotels. This is an exciting and busy role 7/7 starting from approximately June through until September.At this stage I am seeking expressions of interest as competitive remuneration is still to be discussed.Please free free to connect and PM with CV, full length photo and cover statement in the first instance. Kind regardsAnthony #opportunity #europe #securityindustry #riskmanagement #driver #driving #chauffeur"
Alan Marshall,"I'M HIRING...I am looking for dedicated On Call Drivers to serve the Minnesota region.  If you are interested or know of anyone, please share or contact me directly.  Check us out:"
Rubab Zuhair (blog writer and copywriter for beauty brands ),"I am currenty looking for a tractor driver to join the team, with more positions coming avaible in the near future working in our civils division"
QATAR JOBS TODAY,"So without further ado I am here with an other sales email copy ...please critique the copy !!!! Subject line : Bills are not getting paid and things are not working for you ğŸ˜¥ Hello Ali,Are you tired of 9-5 ? And still bills are not paid. You are feeling depressed as things are not working well.You have tried different jobs like working as a waiter, driver and a dishwasher as well. But all in vain.Want to get rid of this roller coaster for good. Download this free guide that will show you how you can work with ease. Sitting at your coach, with comfort of your home. And earning a handsome amount of money. All you need is an internet connection and a laptop.So just download this link and start learning and earning.( Link to the website )Yours truly, A well-wisherP.S: Hello to the hardworking copywriters. I am so sorry to disturb you and lets have a look at this sample work Aasia Abbasi, Asma Malik, Sohail Kamran, Sajal Ahsan......"
Jen Macleod,Urgent local hiring for below positionhttps://bit.ly/3C3r4Gv Looking for below positions for Gold bay hotelshttps://bit.ly/3EdCWZl We are looking for AC buss 65 seater with driverhttps://bit.ly/3fBDyhd I am looking to hire a Senior HR Executive for my team in Gurugram.https://bit.ly/3rkR7Ev HIRING IN QATAR FOR MULTIPLE POSITIONShttps://bit.ly/3dWsKcX
Katie Thompson,Hello - I am looking for a golf buggy driver to provide general driver support to The Royal Edinburgh Military Tattoo customers who may face challenges accessing our venue.Great opportunity for someone who has evening availability throughout the month of august! I can promise itâ€™ll be great few weeks ğŸ˜ğŸ´ó §ó ¢ó ³ó £ó ´ó ¿
Ahmed Murtaza,"Are you a CDL A driver who is looking for a home daily schedule?  I am hiring Livestock Drivers out of our Hatfield, PA location.  Feel free to reach out for more information."
Jahangir Hasan,"Hello #connectionsI am excited to share that I have just uploaded my solved practice set for the C programming language to my recently created GitHub account.As an aspiring programmer, I have always been fascinated by the C language and its powerful capabilities, like its low level memory access, as well as the large community of developers using it for system-level programming, including device drivers, operating systems, and embedded systems.<- The questions in this practice set were provided by Code With Harry and then solved by me.<- This practice set includes a variety of problems ranging from basic concepts such as loops and conditional statements to more advanced concepts such as arrays and structures. It also includes a number-guessing game and two practice question papers I wrote in preparation for my semester exams.<- These problems are designed to help anyone who wants to learn C programming or improve their skills in the language, and I am confident that this practice set will be a valuable resource for students, beginners, and even experienced programmers who are looking to refresh their skills. It is a great way to challenge yourself and enhance your understanding of the C language.So if you're interested in improving your C programming skills, head over to my GitHub account and check out the practice set. Link is down below and I would love to hear your feedback and suggestions on how I can make it even better and as efficient as possible.Furthermore, I will soon be uploading the C++ practice set as well as a few projects in C++, and then after that, I hope to jump on to Python, so let's get connected there and learn and grow together as programmers!https://lnkd.in/d5HSfy_r#Cprogramming #Github #ProgrammingPracticeSet #LearningTogether #programming #community #students #language #projects"
Audra Angelle,"For the past few days on my way home between 4 to 5 pm, I am observing this roughly driving pepsi truck. Vehicle # JV-5787. It is rush hour and roads are heavily populated with all sorts of vehicles, my sincere request to PepsiCo Pakistan Beverage Limited (PBL)  to look into this matter and instruct the driver to drive safely and avoid any possible mishaps. Location: Mashrique Center, Karachi-Pakistan"
Kulsoom Iqbal,I am looking for a flatbed w/ traps  driver in Oakland to pick up today going to Mccarran NV.
Carlos Vazquez,"Life coaches identify and describe current problematic behaviors so that the client can work to modify them while therapists analyze their client's past as a tool for understanding present behaviors. In other words, a therapist focus on â€œwhyâ€ certain behavioral patterns occur, and a coach work on â€œhowâ€ to work towards a goal.I, Kulsoom Iqbal, a Certified Life Coach, Hypnotherapist, Psychologist, Counselor, Certified CBT and NLP practitioner, would like to share some of my research insights with you.For that matter, would you mind answering some questions given below?â–ªï¸ Where do you want to be in life?â–ªï¸Do you want a change in your life?â–ªï¸Are you lacking direction or don't know where to begin to make that change for your future?â–ªï¸ Do you need support and guidance with your goals?â–ªï¸Are you searching for your true destination?My coaching and therapy sessions are exactly what you have been looking for. I have helped hundreds of individuals with their mental health issues and as an Empowering Life Coach, Psychologist, Counsellor and Hypnotist, discovered what their roadblocks were and implemented plans to help them move forward to become a better support, not only for themselves but for others too.So, let me tell you my secret to success.ğŸ‘‰ I easily connect with my clients to establish a supportive and safe working relationship.ğŸ‘‰ I am an attentive listener and can guide you on what's missing or needs to be different that would positively impact your life.ğŸ‘‰ I am a great communicator and believe our work together is a collaborative effort. You are in the driver's seat, but I am your GPS.ğŸ‘‰I am told all the time how calming and uplifted people feel when they work with me.  Call it my Superpower! So, choosing the right coach and  counselor will surely help you become successful in every aspect of life.Wish you all the best.For appointments:Email me at iqbalkulsoom@gmail.com"
Milan Dawani,Iâ€™m happy to share that Iâ€™m starting a new position as Truck Driver at Corrigan Moving Systems! I am always looking for a better job
GERALD DOCKERY,"Hello Connections,I am looking for a Linux Kernel Developer/Device Driver Developer with the below skill set -- KVM Development / Hypervisors- Linux device driver development- Strong Linux debugging skills- Programming Language -> C and/or C++Akshay LSanjeet KumarInterested developers please get in touch with me atÂ milan.dawani@oracle.com.#hiringÂ #linuxkernelÂ #kvmÂ #devicedriverÂ #oci #oracle #linux"
Mehreen Islam,"I am currently looking for a Fuel Truck Driver for a Solar Panel project in Corsicana, Tx. Hazmat/Tanker Endorsements required. Please email your resume to gdockery@prim.com. Primoris Renewable Energy.Â Gerald Dockery Sr. Craft RecruiterPrimoris Services CorporationPhone: 225-328-2908gdockery@prim.com"
Molly E.,"If you have people in your team who have kids, please keep following in mind:- There maybe days when they didn't sleep properly because their baby couldn't sleep. Be kind and if they want to join late, let them. - They might need to give daily pick and drop to the school going kids because they can't afford drivers/can't trust third party services. Please support them. - Extend Maternity & Paternity Leaves and don't think it is a party time. Discourage people who joke about it. It is toughest time of a life because parents have to look after a little baby who is completely dependent on them for survival. Minimum 6 months paid maternity leaves should be mandatory, as baby cannot even start solid foods before that. (If you are offering less than 6 months leave, pls do a survey how many women leave jobs post maternity in your company). - The working mother might need to feed her baby every 2-3 hours if the baby is under 2 years. Please provide ""proper"" day care facility and support. (So many girls come to me in mental stress regarding how they have to leave their baby behind because the company doesn't have daycare - how can companies even expect this? Its ruthless)- Develop a thriving hybrid culture. Provide flexibility wherever you can. Covid has proved that a lot of jobs can be done much better when working from home. Also offer flexibility in working hours whenever required. Focus on results. -----------------------------------------------------I have said it before and I'll say it again: Empathy is everything. You never know what a person in your team is going through. Life is not easy and this is the least we can do as a leader. Take care of your people. I am lucky to be working for an organization that focuses on everything mentioned above, and more. I hope everyone starts thinking about it and make a positive impact in this world! #workingparents #worklifebalance #empathy #compassion #workingmoms #workingmom #maternitycare #paternityleave #flexibility #hybridwork #leadership"
Dan Cooke,"ğŸ”¥ ANOTHER SCORCHING HOT CANDIDATE ON THE MARKET ğŸ”¥I am currently representing a FLT Counterbalance/Bendi Driver looking for work within the Birmingham and surrounding areas - STARTING ASAP The candidate, Liam, holds full and up to date licenses for the below trucks; âœ”ï¸ FLT Counterbalanceâœ”ï¸ Bendi âœ”ï¸ Scissor Lift Liam has a refreshingly positive attitude towards work, longevity work history, and would be a great asset to any team. If you are looking for a long term, skilled FLT/Bendi truck driver, drop me a message and we can discuss. Lets get Liam back into a role that he loves!  ğŸ˜Š"
Sonya Harris,"We are hiring for a compliance program supervisor in our commercial driver licensing program.I am looking for a proactive detail-oriented supervisor who can manage a diverse team of trainers and auditors. This position impacts every CDL training provider and CDL skills examiner in Washington and supports the nearly 200,000 professional drivers licensed in our state.The position plays a key role in protecting public safety, ensures regulatory compliance, and supports students, training providers, examiners and stakeholders every day. The compliance team provides support services to CDL trainers and examiners statewide. As the person responsible for the CDL Compliance you will regularly select, train, and certify Third-party Examiners as needed to provide adequate testing services statewide. The work involves statewide travel as needed and regular in-office work (Highways and Licensing Building - Olympia, WA; 3 days/week) to engage with the team and handle onsite collaboration.If you, or anyone you know are interested, please apply today.Feel free to contact me if you have any questions."
Rosie Campbell,"Howdy everyone, is there any brokers with North Carolina loads for box trucks and dry van? If so, please message me. FYI, I do not have any lanes or loads, I am a dispatcher looking for loads for my drivers.#transportation #boxtrucks #dryvan #brokers #dispatch #logistics #freight"
"Talib Uz Zaman, CCEP-I, CCL","Had the best week in New York and now ready to come back to work tommrow before the Christmas break ğŸ„. Got a New Yearâ€™s resolution why wait till then? Just a reminder I am still looking for Bus Drivers in the London area must hold a PCV licence. Or even if your thinking of a career change, could being a Bus Driver be for you?Please get in touch if interested. â˜ºï¸"
Tonja Bell,"I am very pleased to know, the UNDPâ€™s fresh report is out on â€˜Promoting Women Entrepreneurs as Driver of Business Integrity: A Practical Approach.â€™  https://lnkd.in/dQ-Th3w2 The report highlights the importance of womenâ€™s empowerment, the link between entrepreneurship, equal opportunities and business integrity, and how women entrepreneurs can transform the narrative from ""victim"" to ""drivers of change"" in business and society.I personally feel this report will work on various levels as a solution-driven measure. It investigates frameworks related to gender equality, especially on enabling and inclusive workplace policies and laws; on the other hand, it looks at anti-corruption measures and institutions that promote a fair and transparent business environment. Being an advocate of ethical practices, responsible business and conduct, I strongly urge every organization, big or small, without sector specification to use this report as a tool to â€˜driveâ€™ a new narrative about the role women entrepreneurs and women-led businesses can play in fostering fair business practices.A job well done byÂ Brook Horowitz, IBLF Global and UNDP. Rida Amjad- Sabahat Bokhari- Hameeda Kaleem"
Nancy Hall,I am #hiringnow! We are looking for a Class 2 HGV driver with ADR in Brize Norton. Do you know anyone who might be interested? Please share with your network! Join this great team. #share #network #team #driverjobs #fuel #adr #hgvdrivers
Gareth Oversby,"ğŸŒŸ Interesting insights from Greg Lewis on in-demand jobs!ğŸ‘¥ğŸ“ˆHere's why this article caught my attention:ğŸ”¹ The rise in demand for customer service, sales, facilities engineer, and driver roles aligns with growth areas at Ozinga. ğŸ”¹ Those with customer service experience have a potential gateway to exciting opportunities in our industry. Customer focus is key at Ozinga! ğŸ”¹ AI Engineer roles are on the horizon. As recruiters, we need to gear up for this change. ğŸ”¹ Ozinga is committed to creating meaningful career paths for talented people in these high-demand areas. ğŸ”¹ Exciting to see how market demands align with our efforts at Ozinga. Stay informed, adaptable, and open to new opportunities. The future of work is bright at Ozinga! â˜€ï¸ğŸš€#JobsInDemand #FutureOfWork #Ozinga #CustomerService #AICareers #IndustryGrowthDo you happen to know an AI Engineer or are you thinking about becoming one yourself? Share your thoughts and experiences! #AICareers ğŸš€ğŸ“- - - - - - - -ğŸ”µ I'm Nancy Hall, always looking towards the future of work. Happy to connect with you!ğŸ”µ Who I am: I'm a recruiter who thrives on identifying talent for the in-demand roles shaping our world.ğŸ”µ Interested in exploring opportunities with Ozinga or curious to learn more about us? Don't hesitate to reach out! Looking forward to connecting and discussing how we can shape the future of work together. ğŸ˜ŠğŸ‘"
Rahul Dubey,Today we have managed to create another brand new position based here in the South West. I am looking for a class 1 HGV Driver to be a relief driver in and around the area. The job will be driving class 2 lorrys primarily to cover holidays etc and our class 1 lowloader when Steve our usual driver is on holiday. alongside the many great benefits this will also come with a company van... #growth #trustinGAP GAP Group Limited For more Information please click below or drop me a line gareth.oversby@gap-group.co.uk Regional HGV Class 1 Driver - South Westhttps://lnkd.in/ezdUF3Ar
Aariz Khan,Currently I am looking for 5 Truck Driver - KuwaitIt is a Leading Transport company in Kuwait.Interested candidates please send me your updated CV atÂ rahul.dubey2k@gmail.comÂ orÂ rahul_dubey2k@yahoo.com
Usman Mansoor,"SCAM ALERT!! Careem should look into this asap!Today, I took my mother to NMC for her bi-monthly checkup and because she had chest infection, Doctor advised some emergency treatment after which she felt a bit of dizziness and that's the reason I booked a careem ride for her so she can comfortably reach home. We went to NMC through Bike but I had to go to the office directly so I preferred Careem (SEEMS TO BE THE BIGGEST EVER MISTAKE) from the national medical center around 6:56 PM to my destination: Saima Arabian Villas, with the Driver name Muhammad R. Driving a light Blue/Pearl color MIra with the REG NO: BMM 986. The estimated fare was around 1250 PKR. I asked the driver to start the ride and then I closed the door and putting my phone aside, I ran towards my bike because I was getting late and never checked the phone again until I reach to the office, My mother is not Tech-savy, After she reached home, She called me and told me that the fare she paid was 2500 PKR, I asked her why? She said the driver told me about this. Keeping her on the phone call I quickly checked my ride history and found that the ride was never started and even it was Cancelled. I immediately called the driver to make sure if this is true or not, I thought this is a bug from the app, The driver said I have a screenshot, That's where I felt something Fishy and I asked him to send over the screenshot over WhatsApp or else I will report this to customer care and you can see the attached Fake screenshot that he sent me thinking that I am dumb! I immediately call the support staff of careem and instead of asking for my money I requested them to block the driver from the app as he is scamming the customer instead of taking the side of the customer they were only telling me that we have reported the driver instead of the disclosing what action they took they told me that this can't be disclosed.LOOKS LIKE Careem INTENTIONALLY HIRES THESE TYPE OF SCAMMERS AND TAKE COMMISSIONS FROM THEM!Careem You may be good at viral marketing but pathetic when it comes to providing your customer necessary support when needed. I would encourage my relatives, friends and each and everyone I know and will know to stop using SHITTY careem and use alternative ride-hailing applications. These days you will find a bunch of scammers on the application supported by careem itself. All the screenshots are attached as proof along with the driver's image. Even the driver was using someone's else ID. This is honestly very ALARMING to put the security of the customers at RISK!Everyone, please advise what necessary action I can take, I know it's just 2500 PKR but I won't stop here until the driver is banned permanently and I see a proof of it!!#karachi #Careem #Scammers #security"
Afrika Dan Nkambule,"9 years ago, I got an opportunity to lead the audit fieldwork at Abbott Diabetes Care, EY had recently won the audit of Abbott group from Deloitte and I had recently joined EY then in their Reading office in UK. Being part of a US listed business, Abbott Diabetes Care had to comply with SOX. This was my first flavor of SOX, internal controls and corporate governance and I knew I had found my calling! Over the years, I have set up internal controls functions, advised companies on best in class processes and have managed risk mitigation when controls have failed! If you haven't heard of SOX before: Sarbanes-Oxley Act of 2002 (better known as SOX) was enacted in response to the accounting scandals of the early 2000s, and it sets strict standards for financial reporting and internal controls. It was put in place after the place after the dot-com bubble burst and the high-profile accounting scandals involving companies such as Enron and WorldCom were uncovered.I am a strong believer that great corporate governance and robust controls are not just pretty words on an annual return or investor deck, but if implemented properly, an effective control environment can enable companies of all sizes and maturity to build a resilient business, mitigate key risks and improve decisions.  Sure, controls & top notch corporate governance requires immense  investment, time and effort from top management to the junior team members and in pressed times of competing priorities, it is only natural to delay or de-prioritize anything which is not seen directly contributing to the growth of the business. However putting in a strong foundation today will enable you to build that shining gleaming ivory tower which you are striving towards every day. I have witnessed first hand over the past few years with various businesses which had focused on growth and acceleration at the expense of robust governance and ultimately collapsing like a house of cards! One of the most recent and extremely public collapse of FTX. Amongst many failings, one of the biggest was a complete lack of corporate governance. John J. Ray the new CEO of FTX said in a court filing ""Never in my career have I seen such a complete failure of corporate controls"" My personal stance on internal controls, risk management and corporate governance is that it should NOT be done to prevent catastrophes from happening (preventing negative outcomes), but rather CXOs should prioritize corporate governance as a mechanism of competitive advantage, strong business foundations and ultimately as a key driver complimenting growth (enabling positive outcomes). To all start up founders and SME business leaders, if you are looking to understand your business risks better and to put in place the necessary governance in place, lets connect to explore how we can collaborate to enable Transparency, Accountability and better Decision making frameworks for your business.#riskmanagement #startup #opportunity #growth"
Rhianne Pearson,"Hi, I am looking for a job, I have code 14 (EC) drivers' licence and passport, Proficient in the use of Microsoft Applications,Â a certificate in supply chain and Logistics management and more than 9 yearsÂ working experience as a driver #job Tiger BrandsValue LogisticsSPAR South AfricaUnitransClover S.A. Proprietary LimitedCoca-Cola Beverages South Africa (CCBSA)Imperial"
Gautam Kumar,"I'm baaack! Holidays are over and I am refreshed and raring to go! still need my coffee though! â˜• I am looking for some experienced class 1 drivers for a client based in Penrith with very competitive pay rates! if you are looking for work, or know someone who is pop me a message! #coffee #work #recruitment #job #search #class1 #penrith"
Howisha Penny,"Hello Connections,I am actively looking for a change now. Please let me know if you guys a have a good opportunity for me. Remote and onsite both will work.Overall Experience - 6 yearRelevant Experience -2 yearsCurrent/Last Company:E-teamsType of Requirment(Non-IT/Healthcare)Client's Name:wesco distribution, hero logistics, Lear corporation, NYCHHC.Positions: warehouse associate, shunt driver, research associate all the levels, project manager, clerical assistant, registered nurse, registered dietitian. #work #opportunity #healthcare #warehouse #logistics #activelylooking W2."
Daniel Mckeown,"Are you a Hardware Design or Power Electronics Engineer?? If yes, then I have the perfect opportunity for you!! This position offers the opportunity to work with a client that provides sponsorship for the right individual.I am looking for a talented Hardware Design Engineer (gate driver) who is passionate about creating and implementing innovative solutions. The ideal candidate should have experience in analogue and digital circuit design, high-speed circuit design and debugging, and have knowledge of Gate Driver, PCB Designs and power electronics. If you have the skills and experience that I am looking for, please reach out!ğŸ“§: howisha.penny@vantageconsulting.co.uk ğŸ“²: 07734768966ğŸ“: 01785 559829#sponsorship #sponsorshipopportunity #hardwaredesignengineer #powerelectronics #jobopportunity"
Diana Guzman,"Chauffeur recommendation neededI am looking for an individual or company to provide a vehicle and driver for an upcoming and ongoing task within the London area. Mercedes Vito S class If youâ€™re interested or know someone that might be, please get in touch to discuss further."
Kevin Owen,"LinkedIn Fam - I am back on the market!Yes, you read that right. If you're a company looking for a dedicated and passionate professional in the transportation and logistics space, I'd love to talk to you!I would ideally like a role as a Driver Recruiter, as I absolutely LOVE it! I am looking for a great company to learn and grow with who VALUES their employees! What does that look like? To me it's a company that offers the following;âœ… Great pay!âœ… Awesome benefits like medical, dental, vision, 401K, PTO, vacation etc âœ… Development training - I am hungry to learn and grow! Being stagnant is not an option for me! âœ… Continues to invest in their employees to they can succeed! âœ… A remote/hybrid option (Chicagoland area)Absolutely ğŸš« âŒNO NON-COMPETESâŒ ğŸš« - I do not and will not sign a non-compete. Here's what you'll get when you hire me;âœ… A hardworking, dedicated employee who gives ğŸ’¯ all the timeâœ… Someone who is HUNGRY for SUCCESS and gets excited when we ALL succeed! âœ… Someone who is extremely passionate about DRIVERS! Seriously, I love talking to truck drivers. They have some of the best stories ever!âœ… Someone who is constantly trying to learn and asks questions! If you're a company looking for someone with those qualities, let's chat! LFG!! ğŸ’ª"
