User Name,Post URL
Boston,https://twitter.com/K9_Lives_Matter/status/1683253891536699393
SafemoonStacker,https://twitter.com/Nathanj1374/status/1682354032193536000
Support My Hustle,https://twitter.com/support_hustle/status/1680999205844791296
Ahikyirize Daniel,https://twitter.com/jingo_hilton/status/1680326176215007232
TheJohnny-Damon | Damon Contois,https://twitter.com/DamonContois2/status/1679915783973896203
FBI,https://twitter.com/zyad_odeh/status/1678766189441581057
Handan LOVED BARBIE THE MOVIE,https://twitter.com/Dracodomesticus/status/1678756584661426176
Ryan Clark,https://twitter.com/Realrclark25/status/1678452428457541632
Sandip Nayak,https://twitter.com/sandip_nayak/status/1683778584887033856
Juan Manuel Carrera jr,https://twitter.com/JuanMan39048858/status/1683746873390116864
Sochet Ny,https://twitter.com/seeangkorwat/status/1683667060277272576
Corrine,https://twitter.com/Corrine33137932/status/1683555222906601477
BY child,https://twitter.com/jingo_hilton/status/1678434452849012739
BY child,https://twitter.com/jingo_hilton/status/1678434069766455298
BY child,https://twitter.com/jingo_hilton/status/1678432440874876929
My Info,https://twitter.com/johnryanbn68/status/1678009581367095296
Dale Mwanachampa,https://twitter.com/Djonesmchampa/status/1677843303671242753
Ambrose othniel,https://twitter.com/Othniel2011/status/1676234261261692929
Helen Polley,https://twitter.com/criticest/status/1676219775402536961
Chris Softpaw,https://twitter.com/WolfSoftpaw/status/1674527073413595141
Brenda McFarland,https://twitter.com/BrendaM68893155/status/1674101327767404562
Ibitayo Oguntimehin,https://twitter.com/ogunsibitayo/status/1673825061529083904
Ibitayo Oguntimehin,https://twitter.com/ogunsibitayo/status/1673823849496936450
Ibitayo Oguntimehin,https://twitter.com/ogunsibitayo/status/1673808973491830785
Ibitayo Oguntimehin,https://twitter.com/ogunsibitayo/status/1673808725792964609
Ibitayo Oguntimehin,https://twitter.com/ogunsibitayo/status/1673808418337878016
rolandsmartin,https://twitter.com/rolandsmartin/status/1673327535222845442
Tofuik Kam,https://twitter.com/tofuikcam/status/1671847997137731585
@StephanJanosch@dresden.network / @nfdi.social,https://twitter.com/StephanJanosch/status/1671452022321676288
Sam_sibuya,https://twitter.com/sibuya_sam/status/1671181955109453824
PK,https://twitter.com/DonTashRurigi/status/1671135088703156225
Colleen PR,https://twitter.com/ColleenPR4/status/1670882952174239744
Ã–lele | Deep Throat Sauce,https://twitter.com/chikepaul66/status/1670795328524517376
Raff  (In Reputation Era),https://twitter.com/Cyclamen_Raff/status/1670795192553570358
The Graphics Giant,https://twitter.com/JacobCarlton_/status/1670742134326976512
Kirya Ug,https://twitter.com/blackkawuki/status/1670704382046871553
Sphume Bhanoy Ndlovu,https://twitter.com/BhanoyiN/status/1670649973925376002
Ahmed yasin HASSEN,https://twitter.com/YasinHass73680/status/1669810684975251456
Confused_Cousin,https://twitter.com/nemzar_mafia/status/1669341356668362752
Caio  I.S.S.I.,https://twitter.com/caiotirone/status/1668001801151422466
Onyinyechi Jackweb,https://twitter.com/Jimaniktoo/status/1667954816121810945
Onyinyechi Jackweb,https://twitter.com/Jimaniktoo/status/1667946860697251848
Onyinyechi Jackweb,https://twitter.com/Jimaniktoo/status/1667946164715487232
Onyinyechi Jackweb,https://twitter.com/Jimaniktoo/status/1667943942271250435
ğ— ğ—®ğ—»ğ—¼ğ—· ğ—¡ğ—®ğ˜†ğ—®ğ—¸,https://twitter.com/manojnayak/status/1667505477851435009
Clair Waltho-Smith,https://twitter.com/WalthoSmith/status/1665691706908450818
Abuja Streets,https://twitter.com/blessdan15/status/1665633923974438914
Make Money online & Products Promotion.,https://twitter.com/MakeMone2141/status/1665433511539490816
Ø£Ø¨Ùˆ Ø³Ù†Ø¯Ø³,https://twitter.com/TbMFoZzaXuK4ZXW/status/1664719222532964352
Ø£Ø¨Ùˆ Ø³Ù†Ø¯Ø³,https://twitter.com/TbMFoZzaXuK4ZXW/status/1664688255722291212
Kapoor Diesels,https://twitter.com/narendra124106/status/1664669003602591748
EURES,https://twitter.com/abwasyl45743687/status/1664660704694075393
Ø§Ø¨Ùˆ Ø£ØµÙŠÙ„,https://twitter.com/abwasyl45743687/status/1664660586171453444
Coach Dyno,https://twitter.com/coachdynoDFO/status/1664654945398710275
Lazarous,https://twitter.com/Lazarous444022/status/1664373197771272195
Don '@maisongladys@mastodonapp.uk' Coyote,https://twitter.com/MaisonGladys/status/1664332224567582724
Putin cousin to Hilter,https://twitter.com/Putincuz2Hilter/status/1664293760216252417
There & Back Canada,https://twitter.com/TrevorRedmond/status/1664275824202366978
Sam_sibuya,https://twitter.com/sibuya_sam/status/1663891028758380549
Zion Star,https://twitter.com/westruns/status/1662057994270527491
Asian Crime Report,https://twitter.com/activeasian/status/1661953831759130624
bus_driver_bob,https://twitter.com/bus_driver_bob/status/1661830667687043089
Mike Clarke Snr,https://twitter.com/MikeClarkeSnr/status/1661541085510770688
Ëš âœ§ â‹† Space â‹† âœ§ Ëš,https://twitter.com/CityCoderUS/status/1661212884565729280
Keabetswe,https://twitter.com/sibuya_sam/status/1660573435481792519
s.e. smith isn't here,https://twitter.com/sesmith/status/1660508334494220289
Jack Toronto,https://twitter.com/_moelai/status/1659195715237863428
Aida,https://twitter.com/Aida66630015/status/1659175649947336710
C 101,https://twitter.com/C_main_return_0/status/1659067698792263681
C++ 101,https://twitter.com/CxxStandard/status/1659064226403450880
Sahil Virani,https://twitter.com/SahilVi65947981/status/1658697406022840321
Mary Meek,https://twitter.com/MaryMeekrealtor/status/1658555381017202700
JavaScript 101,https://twitter.com/js_var/status/1657809909449105417
Python 101,https://twitter.com/python_import/status/1657795704855621633
PAWEL CZECZENNIKOW,https://twitter.com/PCzeczennikow/status/1657324940222406657
Benerd Kioko,https://twitter.com/BenerdKioko6/status/1657124181136244744
abanob Magdy,https://twitter.com/abanobM07898785/status/1656173504180396033
PoliticsVerse,https://twitter.com/Gloria_Lynn/status/1656097621843296256
Mary Meek,https://twitter.com/MaryMeekrealtor/status/1656046760257568780
Visit Wales,https://twitter.com/georgeghinton1/status/1655485556254449664
George Hinton,https://twitter.com/georgeghinton1/status/1655485440667860993
George Hinton,https://twitter.com/georgeghinton1/status/1655485350624600069
George Hinton,https://twitter.com/georgeghinton1/status/1655485096739176448
TheRealJohnConnor,https://twitter.com/RlyJohnConnor/status/1655257896941387777
CERTIFIED PRO LOVER,https://twitter.com/KobbyPrince16/status/1655151926969761793
Menna Fadali,https://twitter.com/abanobM07898785/status/1655133359264219137
abanob Magdy,https://twitter.com/abanobM07898785/status/1655133245271310336
Menna Fadali,https://twitter.com/abanobM07898785/status/1655132960230715392
abanob Magdy,https://twitter.com/abanobM07898785/status/1654841794096406528
charlie rurigi,https://twitter.com/DonTashRurigi/status/1654480662668144642
Doug Watts,https://twitter.com/Dougwatts485/status/1654428823666958339
MICHAEL MWOHI,https://twitter.com/MMwohi/status/1653305716873076736
Lia Moon,https://twitter.com/minuet_moon/status/1652574051314040832
Andy Gibson,https://twitter.com/beerracing88/status/1652438217939992576
Don Billiato,https://twitter.com/blastamandi/status/1651703949043310592
â˜… ğ•ğ•–ğ•–ğ•¡ ğ•ƒğ•šğ•—ğ•– â˜…,https://twitter.com/TxSecurityGal/status/1651643561509568512
floo_daeze,https://twitter.com/floo_daeze/status/1649442062188650497
marcos@marcos1,https://twitter.com/marcos02524582/status/1649029004576317440
Jacob Kaplan,https://twitter.com/JacobKaplan17/status/1648771583467753472
Ade EarlyMan,https://twitter.com/JonBinRa/status/1648704970152189953
